104	tion
36	ions
27	ting
26	lity
21	ical
20	tive
19	ated
18	ment
15	ence
14	ance
13	ness
11	sion
9	vity
8	tory
8	city
8	nces
7	ents
7	ning
7	ular
7	free
7	ture
7	ling
7	emia
6	sing
6	ding
6	ring
6	onal
6	ving
6	etic
6	rity
5	stic
5	erol
5	olic
5	rate
5	atic
5	uced
5	ntal
5	ogic
5	itis
5	tric
4	ures
4	ines
4	cacy
4	ties
4	sive
4	ters
4	osis
4	sure
4	ytes
4	ency
4	ings
4	sity
4	line
4	time
3	lpha
3	ient
3	amic
3	inal
3	ally
3	logy
3	ific
3	psia
3	cyte
3	dase
3	ects
3	tude
3	ized
3	etry
3	life
3	ious
3	esis
3	ease
3	dity
3	ival
3	oxin
3	ator
3	ases
2	pids
2	ural
2	tain
2	racy
2	lism
2	fect
2	nger
2	vely
2	lial
2	dial
2	sted
2	asia
2	otor
2	asis
2	nant
2	tage
2	ates
2	gens
2	ough
2	cale
2	ward
2	ping
2	fits
2	hmia
2	ards
2	omes
2	ores
2	tors
2	exor
2	kers
2	ales
2	rine
2	rted
2	cess
2	mate
2	ogue
2	tial
2	amma
2	rium
2	enia
2	cter
2	tate
2	uria
2	king
2	kage
2	ytic
2	ages
2	tide
2	idal
2	able
2	rous
2	ists
2	arly
2	flow
2	dent
2	otic
2	rase
2	ains
2	ever
2	gram
2	ered
2	come
2	nses
2	roid
2	bral
2	ntly
2	lood
2	ipid
2	tics
2	ower
2	cing
2	oint
2	rred
2	tase
2	hing
2	sely
2	ight
2	imed
2	reat
2	esia
2	udes
2	lary
2	ogen
2	ster
2	host
2	opin
2	opic
2	ysts
2	lief
2	ngth
2	fort
2	rage
2	eria
2	tite
2	peak
2	lent
2	ased
2	tter
2	oral
