71	tion
28	ated
25	ions
21	mine
21	dine
20	ting
20	line
19	sion
18	tive
18	ased
17	tine
17	zole
16	mide
13	ally
12	ment
12	ular
12	ized
12	ning
11	ical
11	rapy
11	atin
10	pine
10	zine
10	rate
10	aphy
10	nate
10	tomy
9	emic
9	ping
9	aine
9	umab
9	ling
9	ycin
8	pril
8	rine
8	late
8	onal
8	ride
8	llin
7	nium
7	ents
7	avir
7	ture
7	olol
7	bine
7	eter
6	etic
6	cted
6	tron
6	hing
6	ding
6	sted
6	ator
6	acin
6	sing
6	cine
6	dose
6	nted
6	icin
6	nide
5	ered
5	ance
5	inib
5	list
5	etry
5	ight
5	tted
4	ched
4	onic
4	sive
4	inal
4	anil
4	ised
4	rane
4	ible
4	esis
4	tant
4	ctin
4	oxib
4	-csf
4	uine
4	nous
4	tors
4	/day
4	rtan
4	phic
4	otic
4	ptan
4	ured
4	eron
4	king
4	ints
4	nase
4	arin
4	sine
4	ines
4	itol
4	tide
4	rams
4	eine
4	rial
3	hate
3	xide
3	imus
3	osin
3	nger
3	usly
3	ease
3	eous
3	tric
3	time
3	epam
3	axel
3	rmal
3	tory
3	olic
3	ives
3	eral
3	ness
3	hine
3	xine
3	tube
3	side
3	aily
3	xime
3	stic
3	ided
3	ific
3	tate
3	ving
3	ings
3	imab
3	task
3	lene
3	lant
3	ulin
3	olar
3	ural
3	lled
3	elin
3	date
3	able
3	rous
3	fied
3	noic
3	uced
3	adol
3	stat
2	
2	cyte
2	uits
2	pper
2	ches
2	nges
2	call
2	onin
2	m/kg
2	amin
2	amic
2	ther
2	meal
2	logy
2	rter
2	tial
2	hane
2	inol
2	enic
2	trel
2	ming
2	cope
2	camp
2	sage
2	rice
2	etin
2	orts
2	esin
2	sual
2	viii
2	ccnu
2	rmin
2	ctic
2	amol
2	phen
2	peer
2	ored
2	bath
2	cids
2	dent
2	pion
2	wded
2	riol
2	cise
2	lide
2	apes
2	avin
2	ters
2	ntly
2	plex
2	opeg
2	ring
2	oids
2	copy
2	oate
2	dium
2	renz
2	sure
2	ovir
2	lium
2	elax
2	trol
2	ains
2	ency
2	izer
2	ants
2	nced
2	rost
2	real
2	aced
2	ared
2	rush
2	oral
2	lace
2	inil
2	sant
2	usic
2	oton
2	tage
2	aste
2	asty
2	diol
2	town
2	ient
2	ards
2	erol
2	rium
2	nial
2	grel
2	ceps
2	exed
2	macy
2	cebo
2	thyl
2	urce
2	last
2	anol
2	llus
2	ntal
2	rops
2	used
2	atch
2	tein
2	ival
2	back
2	rier
2	ries
2	nder
2	xate
2	aser
2	lent
2	land
2	vice
2	olac
2	vely
2	ctor
2	ined
2	nary
2	inse
2	bing
2	enem
2	zide
2	ssay
2	ofen
2	geal
2	atic
2	omer
2	face
2	noid
2	gram
2	view
2	kets
2	orin
2	cent
2	ilol
2	ound
2	ball
2	less
2	tics
2	fate
2	osed
2	ogen
2	irin
2	l/kg
2	i.d.
2	book
2	tter
