56	tion
33	ated
32	itis
31	ally
30	tive
20	ting
17	able
16	ions
15	osis
14	ents
14	ical
14	ring
14	cted
13	vely
13	tomy
11	ized
10	ular
10	inal
10	sion
10	atic
9	stic
9	ying
9	ding
9	geal
9	ment
9	ntal
8	ning
8	sive
8	ised
8	logy
8	onal
8	fied
7	omas
7	tors
7	ency
7	nted
7	emia
7	ital
7	ased
6	copy
6	ders
6	ates
6	sing
6	eral
6	ient
6	dent
6	lity
6	sted
6	nded
6	ling
6	tric
6	rial
5	ited
5	asis
5	nary
5	atal
5	ties
5	ired
5	lled
5	kers
5	ntly
5	ture
5	noma
5	roup
5	otic
5	ence
5	rade
5	ered
5	ious
5	ries
5	ster
4	ites
4	cell
4	cies
4	tely
4	ined
4	asty
4	rior
4	ched
4	tory
4	olds
4	ptic
4	ible
4	aged
4	etes
4	phic
4	mber
4	ings
4	ving
4	cent
4	enic
4	osed
4	athy
4	opic
4	uted
4	emic
3	sent
3	vers
3	cial
3	ured
3	ican
3	roke
3	ypes
3	here
3	enal
3	type
3	onic
3	thic
3	ssed
3	rmal
3	ures
3	dine
3	oved
3	anic
3	cute
3	hool
3	ided
3	care
3	oids
3	airs
3	ttle
3	king
3	uria
3	rate
3	ages
3	ists
3	nous
3	ance
3	ears
3	cles
3	rity
3	imal
3	rgic
3	ytic
3	ound
3	ogic
3	tary
3	east
3	rean
3	tics
3	aphy
3	tein
3	uded
3	hose
3	usal
3	ored
3	-iii
3	eric
3	irth
3	wing
3	ases
3	land
3	lant
3	time
3	lary
2	iple
2	ouch
2	lial
2	inic
2	pped
2	ging
2	vere
2	agus
2	pasm
2	ctor
2	ophy
2	dial
2	ives
2	diac
2	asia
2	nant
2	iary
2	tage
2	ibit
2	hers
2	loma
2	gent
2	cers
2	llar
2	ough
2	aria
2	ians
2	lose
2	arms
2	ices
2	live
2	rhea
2	ands
2	sors
2	ural
2	thin
2	ness
2	male
2	axis
2	rved
2	tile
2	stry
2	nder
2	omen
2	ards
2	apse
2	over
2	ysis
2	oven
2	ntry
2	late
2	utic
2	aive
2	term
2	ales
2	unds
2	went
2	rine
2	olar
2	rted
2	nity
2	nner
2	rmed
2	ules
2	rans
2	enia
2	city
2	nsic
2	took
2	orne
2	etic
2	ncer
2	nees
2	rent
2	idal
2	gies
2	rous
2	onia
2	rynx
2	pair
2	arly
2	ully
2	ancy
2	ects
2	ctal
2	aine
2	pted
2	tude
2	itus
2	rers
2	uate
2	rger
2	eous
2	eart
2	gous
2	coma
2	nset
2	come
2	roid
2	many
2	tous
2	esis
2	ants
2	rdia
2	nent
2	oric
2	erse
2	ming
2	rnia
2	inum
2	mple
2	tant
2	owed
2	orts
2	psed
2	roin
2	rtic
2	lics
2	oing
2	cing
2	gkin
2	rred
2	oups
2	used
2	nese
2	lgia
2	toid
2	acks
2	nced
2	irus
2	dose
2	lete
2	ewed
2	ease
2	nter
2	eers
2	hing
2	ival
2	shed
2	cabg
2	born
2	flux
2	outh
2	iled
2	aled
2	iles
2	mers
2	rely
2	gers
2	heat
2	line
2	lind
2	nrti
2	aced
2	nics
2	nown
2	tted
2	ioma
